{
	"format_version": "1.8.0",
	"animations": {
		"animation.player.attack.rotations": {
			"loop": true,
			"bones": {
				"body": {
					"rotation": [0, "variable.attack_body_rot_y", 0]
				},
				"leftArm": {
					"rotation": ["variable.third_person_left_arm_x_rot", 0, 0]
				}
			}
		},
		"animation.player.attack.rotations_rightarm": {
			"loop": true,
			"animation_length": 0.5,
			"anim_time_update": "(variable.attack_time * 0.5)",
			"bones": {
				"rightArm": {
					"rotation": {
						"0.0": [0, 0, 0],
						"0.07": [-62.5, 30, 10],
						"0.12": [-75, -11.5, -10],
						"0.2": [-35, -25.5, -25],
						"0.26": [-25, -21.5, -17.5],
						"0.33": [-17.5, -19, -11],
						"0.4": [0, -13, -3.5],
						"0.5": [0, 0, 0]
					}
				}
			}
		},
		"animation.player.bob": {
			"loop": true,
			"bones": {
				"leftArm": {
					"rotation": ["variable.third_person_left_arm_x_bob", 0, "variable.third_person_left_arm_z_bob"]
				},
				"rightArm": {
					"rotation": ["variable.third_person_right_arm_x_bob", 0, "variable.third_person_right_arm_z_bob"]
				}
			}
		},
		"animation.player.bob.stationary": {
			"loop": true,
			"bones": {
				"leftArm": {
					"rotation": ["variable.third_person_left_arm_x_bob", 0, "variable.third_person_left_arm_z_bob"]
				},
				"rightArm": {
					"rotation": ["variable.third_person_right_arm_x_bob", 0, "variable.third_person_right_arm_z_bob"]
				}
			}
		},
		"animation.player.cape" : {
			"loop" : true,
			"bones" : {
				"cape" : {
					"position" : [ 0.0, "(query.armor_texture_slot(1) !=-1 && !variable.is_paperdoll) ? query.get_root_locator_offset('armor_offset.default_neck', 1) + 1.01 : query.get_root_locator_offset('armor_offset.default_neck', 1)", "(query.armor_texture_slot(1) !=-1 && !variable.is_paperdoll) ? 1.01 - query.cape_flap_amount * 2.01 : 0.0" ],
					"rotation" : [ "variable.is_paperdoll ? -6.0 : math.lerp(0.0, -106.0, query.cape_flap_amount)", 0.0, 0.0 ]
				}
			}
		},
		"animation.player.bow_equipped": {
			"loop": true,
			"bones": {
				"leftArm": {
					"rotation": ["-90.0 + query.target_x_rotation - query.is_sneaking * 15.0 - this", "27.5 + query.target_y_rotation", 0]
				},
				"rightArm": {
					"rotation": ["-90.0 + query.target_x_rotation - query.is_sneaking * 15.0 - this", "-5.0 + query.target_y_rotation", 0]
				},
				"rightItem": {
					"rotation": [0, -10, 0]
				}
			}
		},
		"animation.player.crossbow_equipped": {
			"loop": true,
			"bones": {
				"leftArm": {
					"rotation": ["-this - 65.0 - (1.0 - variable.item_use_normalized) * 5.0", "-this + (1.0 - variable.item_use_normalized) * 30.0", "-this + 20.0 + (1.0 - variable.item_use_normalized) * 10.0"],
					"position": [0, 0, 0.5]
				},
				"rightArm": {
					"rotation": ["- 60.0 - this", "- 45.0 - this", "- 2.5 - this"]
				},
				"rightItem": {
					"rotation": [0, 0, 0],
					"position": [0, -1, 0]
				}
			}
		},
		"animation.player.crossbow_hold": {
			"loop": true,
			"bones": {
				"leftArm": {
					"rotation": ["query.is_swimming ? 0.0 : -93.0 + query.target_x_rotation - query.is_sneaking * 27.0 -this", "query.is_swimming ? 0.0 : 42.0 + math.clamp(query.target_y_rotation, -45.0, 5.0) -this", "query.is_sneaking * -15.0"]
				},
				"rightArm": {
					"rotation": ["query.is_swimming ? 0.0 : -93.0 + query.target_x_rotation - query.is_sneaking * 27.0 -this", "query.is_swimming ? 0.0 : math.clamp(query.target_y_rotation, -60.0, 45.0) -this", 0]
				},
				"rightItem": {
					"rotation": [0, 0, 0],
					"position": [0, -1, 0]
				}
			}
		},
		"animation.player.shield_block_main_hand": {
			"loop": true,
			"bones": {
				"rightArm": {
					"rotation": [-40, -28, 10]
				},
				"rightItem": {
					"rotation": [-30, -50, -35],
					"position": [-2, -4, -1]
				}
			}
		},
		"animation.player.shield_block_off_hand": {
			"loop": true,
			"bones": {
				"leftArm": {
					"rotation": [-40, 28, -10]
				},
				"rightArm": {
					"rotation": ["(query.get_equipped_item_name('main_hand') == 'shield') ? -40.0 : 0.0", "(query.get_equipped_item_name('main_hand') == 'shield') ? -28.0 : 0.0", "(query.get_equipped_item_name('main_hand') == 'shield') ? 10.0 : 0.0"]
				},
				"rightItem": {
					"position": ["(query.get_equipped_item_name('main_hand') == 'shield') ? 0.6 : 0.0", "(query.get_equipped_item_name('main_hand') == 'shield') ? -1.2 : 0.0", "(query.get_equipped_item_name('main_hand') == 'shield') ? 0.0 : 0.0"]
				}
			}
		},
		"animation.player.swim" : {
			"animation_length" : 1.3,
			"loop" : true,
			"override_previous_animation" : true,
			"bones" : {
				"leftarm" : {
					"rotation" : {
						"0" : [ 0.0, 180.0, 180.0 ],
						"0.7" : [ 0.0, 180.0, 287.2 ],
						"1.1" : [ 90.0, 180.0, 180.0 ],
						"1.3" : [ 0.0, 180.0, 180.0 ]
					}
				},
				"rightarm" : {
					"rotation" : {
						"0" : [ 0.0, 180.0, -180.0 ],
						"0.7" : [ 0.0, 180.0, -287.2 ],
						"1.1" : [ 90.0, 180.0, -180.0 ],
						"1.3" : [ 0.0, 180.0, -180.0 ]
					}
				},
				"root" : {
					"position" : [ 0.0, "(math.sin(query.target_x_rotation) * 17.0 + 5.0) * variable.swim_amount", "(math.cos(query.target_x_rotation) * 17.0) * variable.swim_amount" ],
					"rotation" : [ "variable.swim_amount * (90.0 + query.target_x_rotation)", 0.0, 0.0 ]
				}
			}
		}
	}
}