{
  "format_version" : "1.8.0",
  "animations" : {
    "animation.player.first_person.attack_rotation" : {
      "loop": true,
      "animation_length": 0.65,
      "anim_time_update": "(variable.attack_time * 0.65)",
      "bones": {
        "rightArm": {
          "rotation": {
            "0.0": [0, 0, 0],
            "0.01": [-37.5, 23.5, 16.5],
            "0.03": [-37.5, 40, 22.5],
            "0.7": [-40, 50, 27.5],
            "0.12": [-45, 52.5, 25.5],
            "0.18": [-40, 49, 22],
            "0.23": [-35, 42, 18],
            "0.29": [-30, 30, 14.5],
            "0.35": [-22, 18, 8],
            "0.42": [-10, 17.5, 4],
            "0.65": [0, 0, 0]
          },
          "position": {
            "0.0": [0, 0, 0],
            "0.01": [-1.75, 6.8, 0],
            "0.03": [-3.2, 7.15, 0.5],
            "0.7": [-3.3, 4.4, 1],
            "0.12": [-3.4, 1.5, 1.65],
            "0.18": [-3.5, 0.3, 2.2],
            "0.23": [-3.3, -3.25, 3],
            "0.29": [-2.9, -5.8, 4],
            "0.35": [-2.3, -6.5, 3.3],
            "0.42": [-1.3, -4.8, 2],
            "0.65": [0, 0, 0]
          }
        }
      }
    },
    "animation.player.first_person.crossbow_equipped" : {
      "loop" : true,
      "override_previous_animation" : true,
      "bones" : {
        "leftarm" : {
          "position" : [ "0.0 - variable.item_use_normalized * 3.5", "-2.0 + variable.short_arm_offset_left * 1.125", "7.5 - (1 - variable.item_use_normalized)" ],
          "rotation" : [ 150.0, -75.0, 85.0 ],
          "scale" : [ 0.5, 0.5, 0.5 ]
        }
      }
    },
    "animation.player.first_person.empty_hand" : {
      "loop" : true,
      "bones" : {
        "rightarm" : {
          "position" : [ 13.05, "-7.5 + variable.short_arm_offset_right * 1.5", 10.5 ],
          "rotation" : [ "95.5 + variable.is_using_vr * 7.5", "-40.0 + variable.is_using_vr * 7.5", "116.0 + variable.is_using_vr * -2.5" ]
        }
      }
    },
    "animation.player.first_person.map_hold" : {
      "loop" : true,
      "bones" : {
        "leftarm" : {
          "position" : [ "-17.75 + variable.is_vertical_splitscreen * 7.0", "-9.75 - variable.map_angle * 8.0 + variable.is_vertical_splitscreen * 0.6 - variable.short_arm_offset_left * -1.0", "10.0 - variable.map_angle * 8.0 + variable.short_arm_offset_left" ],
          "rotation" : [ 40.0, -22.5, -152.5 ],
          "scale" : [ 1.20, 1.20, 1.20 ]
        },
        "rightarm" : {
          "position" : [ "17.25 + variable.is_vertical_splitscreen * 7.0", "-9.75 - variable.map_angle * 8.0 + variable.is_vertical_splitscreen * 0.6 - variable.short_arm_offset_right * -1.0", "10.0 - variable.map_angle * 8.0 + variable.short_arm_offset_right" ],
          "rotation" : [ 40.0, 22.5, 152.5 ],
          "scale" : [ 1.20, 1.20, 1.20 ]
        }
      }
    },
    "animation.player.first_person.map_hold_attack" : {
      "loop" : true,
      "bones" : {
        "leftarm" : {
          "position" : [ "math.sin(variable.first_person_rotation_factor * variable.attack_time * 112.0) * 2.0", "math.sin(variable.first_person_rotation_factor * (1.0 - variable.attack_time) * (1.0 - variable.attack_time)) * 3.75 - variable.first_person_rotation_factor * variable.attack_time * 1.25", "math.sin(variable.first_person_rotation_factor * variable.attack_time * 1.0) * 5.75" ],
          "rotation" : [ 0.0, 0.0, 0.0 ]
        },
        "rightarm" : {
          "position" : [ "(variable.first_person_rotation_factor * variable.attack_time * 6.0) * (-3.0 + variable.short_arm_offset_right * 0.25)", "(variable.first_person_rotation_factor * (1.0 - variable.attack_time) * 6.0) * (1.85 - variable.short_arm_offset_right * 0.125)", "math.sin(variable.first_person_rotation_factor * variable.attack_time * 120.0) * 5.25" ],
          "rotation" : [ "variable.map_angle * 90.0", 0.0, "variable.attack_time * (30 + variable.short_arm_offset_right * 5)" ]
        }
      }
    },
    "animation.player.first_person.map_hold_main_hand" : {
      "loop" : true,
      "bones" : {
        "rightarm" : {
          "position" : [ "14.50 - variable.is_vertical_splitscreen * 0.75 - variable.short_arm_offset_right * 0.0625", "-8.25 + variable.short_arm_offset_right * 1.575 + math.sin(variable.first_person_rotation_factor * (1.0 - variable.attack_time) * (1.0 - variable.attack_time) * 200.0) * 2.75 - variable.first_person_rotation_factor * variable.attack_time * 3.0 - variable.is_horizontal_splitscreen", "11.5 + math.sin(variable.first_person_rotation_factor * variable.attack_time * 120.0) * 3.5 + variable.is_horizontal_splitscreen * 3.5 + variable.short_arm_offset_right * 0.1125" ],
          "rotation" : [ 195.0, 182.5, -5.0 ],
          "scale" : [ 0.75, 0.75, 0.75 ]
        }
      }
    },
    "animation.player.first_person.map_hold_off_hand" : {
      "loop" : true,
      "bones" : {
        "leftarm" : {
          "position" : [ "-14.50 + variable.is_horizontal_splitscreen * 2.0 + variable.is_vertical_splitscreen * 8.7 + variable.short_arm_offset_right * 0.0625", "-8.250 + variable.short_arm_offset_left * 1.575", "11.50 + variable.is_horizontal_splitscreen * 0.5 + variable.short_arm_offset_left * 0.1125" ],
          "rotation" : [ 195.0, 182.5, 2.5 ],
          "scale" : [ 0.75, 0.75, 0.75 ]
        }
      }
    },
    "animation.player.first_person.swap_item" : {
      "loop" : true,
      "bones" : {
        "leftarm" : {
          "position" : [ 0.0, "variable.first_person_swap_item_left_arm_x", 0.0 ]
        },
        "rightarm" : {
          "position" : [ 0.0, "variable.first_person_swap_item_right_arm_x", 0.0 ]
        }
      }
    },
    "animation.player.first_person.vr_attack_rotation" : {
      "loop" : true,
      "bones" : {
        "rightarm" : {
          "position" : [ "5.0 * math.sin(variable.first_person_rotation_factor * variable.attack_time * 112.0)", "(math.sin(variable.first_person_rotation_factor * (1.0 - variable.attack_time) * (1.0 - variable.attack_time) * 200.0) - 0.8) * 8.75 + 5.0", "math.sin(variable.first_person_rotation_factor * variable.attack_time * 120.0) * 15.0" ],
          "rotation" : [ "30.7 * math.sin(variable.first_person_rotation_factor * variable.attack_time * -180.0 - 45.0) * 1.5", 0.0, "21.8 * math.sin(variable.first_person_rotation_factor * variable.attack_time * 200.0 + 30.0) * 1.25" ]
        }
      }
    }
  }
}
